Link,count
https://www.tiktokv.com/share/video/7456396214678932743/,1
https://www.tiktokv.com/share/video/7276568382592355616/,1
https://www.tiktokv.com/share/video/7276118951925419269/,1
https://www.tiktokv.com/share/video/7276815198927834374/,1
https://www.tiktokv.com/share/video/7275366916754001158/,1
https://www.tiktokv.com/share/video/7250582489993907462/,1
https://www.tiktokv.com/share/video/7255033029989534982/,1
https://www.tiktokv.com/share/video/7276361305655741702/,1
https://www.tiktokv.com/share/video/7276086090509896966/,1
https://www.tiktokv.com/share/video/7264648320633539872/,1
